ville_id, ville_departement, ville_slug, ville_nom, ville_nom_simple, ville_nom_reel, ville_nom_soundex, ville_nom_metaphone, ville_code_postal, ville_commune, ville_code_commune, ville_arrondissement, ville_canton, ville_amdi, ville_population_2010, ville_population_1999, ville_population_2012, ville_densite_2010, ville_surface, ville_longitude_deg, ville_latitude_deg, ville_longitude_grd, ville_latitude_grd, ville_longitude_dms, ville_latitude_dms, ville_zmin ville_zmax
1, 01, ozan, OZAN, ozan, Ozan, O250, OSN, 01190, 284, 01284, 2, 26, 6, 618, 469, 500, 93, 6.6, 4.91667, 46.3833, 2866, 51546, +45456, 462330, 170, 205
2, 01, cormoranche-sur-saone, CORMORANCHE-SUR-SAONE, cormoranche sur saone, Cormoranche-sur-Saône, C65652625, KRMRNXSRSN, 01290, 123, 01123, 2, 27, 6, 1058, 903, 1000, 107, 9.85, 4.83333, 46.2333, 2772, 51379, +44953, 461427, 168, 211
3, 01, plagne-01, PLAGNE, plagne, Plagne, P425, PLKN, 01130, 298, 01298, 4, 03, 6, 129, 83, 100, 20, 6.2, 5.73333, 46.1833, 3769, 51324, +54342, 461131, 560, 922
4, 01, tossiat, TOSSIAT, tossiat, Tossiat, T230, TST, 01250, 422, 01422, 2, 25, 6, 1406, 1111, 1400, 138, 10.17, 5.31667, 46.1333, 3309, 51268, +51854, 460828, 244, 501
5, 01, pouillat, POUILLAT, pouillat, Pouillat, P430, PLT, 01250, 309, 01309, 2, 33, 6, 88, 58, 100, 14, 6.23, 5.43333, 46.3333, 3435, 51475, +52542, 461938, 333, 770
6, 01, torcieu, TORCIEU, torcieu, Torcieu, T620, TRS, 01230, 421, 01421, 1, 28, 6, 698, 643, 700, 65, 10.72, 5.4, 45.9167, 3398, 51025, +52343, 455521, 257, 782
7, 01, replonges, REPLONGES, replonges, Replonges, R1452, RPLNJS, 01620, 320, 01320, 2, 02, 6, 3500, 2841, 3300, 210, 16.6, 4.88333, 46.3, 2833, 51456, +45310, 461837, 169, 207
8, 01, corcelles, CORCELLES, corcelles, Corcelles, C6242, KRSLS, 01110, 119, 01119, 4, 06, 6, 243, 222, 200, 17, 14.16, 5.58333, 46.0333, 3597, 51151, +53428, 460208, 780, 1081
9, 01, peron, PERON, peron, Péron, P650, PRN, 01630, 288, 01288, 3, 12, 6, 2143, 1578, 1900, 82, 26.01, 5.93333, 46.2, 3989, 51322, +55535, 461124, 411, 1501
10,01, relevant, RELEVANT, relevant, Relevant, R4153, RLFNT, 01990, 319, 01319, 2, 30, 6, 466, 367, 400, 37, 12.38, 4.95, 46.0833, 2903, 51211, +45658, 460525, 235, 282
11, 01, chaveyriat, CHAVEYRIAT, chaveyriat, Chaveyriat, C163, XFRT, 01660, 096, 01096, 2, 10, 6, 927, 810, 900, 54, 16.87, 5.06667, 46.1833, 3026, 51331, +50338, 461152, 188, 260
12, 01, vaux-en-bugey, VAUX-EN-BUGEY, vaux en bugey, Vaux-en-Bugey, V2512, FKSNBJ, 01150, 431, 01431, 1, 17, 6, 1169, 1003, 1100, 142, 8.22, 5.35, 45.9167, 3352, 51031, +52113, 455541, 252, 681
13, 01, maillat, MAILLAT, maillat, Maillat, M430, MLT, 01430, 228, 01228, 4, 22, 6, 668, 664, 700, 59, 11.31, 5.55, 46.1333, 3557, 51255, +53217, 460745, 497, 825
14, 01, faramans-01, FARAMANS, faramans, Faramans, F652, FRMNS, 01800, 156, 01156, 2, 19, 6, 681, 591, 600, 60, 11.22, 5.11667, 45.9, 3099, 51002, +50732, 455407, 255, 306
15, 01, beon-01, BEON, beon, Béon, B500, BN, 01350, 039, 01039, 1, 09, 6, 373, 364, 400, 36, 10.3, 5.75, 45.8333, 3798, 50950, +54519, 455117, 228, 1412
16, 01, saint-bernard-01, SAINT-BERNARD, saint bernard, Saint-Bernard, S5316563, SNTBRNRT, 01600, 339, 01339, 2, 34, 6, 1375, 1281, 1400, 436, 3.15, 4.73723, 45.945, 2667, 51050, +44414, 455642, 167, 198
17, 01, rossillon, ROSSILLON, rossillon, Rossillon, R245, RSLN, 01510, 329, 01329, 1, 36, 6, 148, 147, 100, 18, 8.07, 5.6, 45.8333, 3619, 50924, +53537, 454955, 324, 1022
18, 01, pont-d-ain, PONT-DAIN, pont d ain, Pont-dAin, P535, PNTTN, 01160, 304, 01304, 2, 25, 5, 2627, 2309, 2500, 234, 11.22, 5.33333, 46.05, 3333, 51165, +52011, 460254, 232, 314
19, 01, nantua, NANTUA, nantua, Nantua, N300, NNT, 01460, 269, 01269, 4, 22, 4, 3713, 3922, 3600, 290, 12.79, 5.61667, 46.15, 3633, 51282, +53622, 460912, 427, 1125
20, 01, chavannes-sur-reyssouze, CHAVANNES-SUR-REYSSOUZE, chavannes sur reyssouze, Chavannes-sur-Reyssouze, C15262, XFNSSRRSS, 01190, 094, 01094, 2, 26, 6, 680, 580, 700, 41, 16.55, 5, 46.4333, 2952, 51590, +45935, 462550, 175, 218
21, 01, neuville-les-dames, NEUVILLE-LES-DAMES, neuville les dames, Neuville-les-Dames, N142352, NFLLSTMS, 01400, 272, 01272, 2, 10, 6, 1504, 1232, 1500, 56, 26.59, 5, 46.1667, 2963, 51291, +50013, 460944, 210, 271
22, 01, flaxieu, FLAXIEU, flaxieu, Flaxieu, F420, FLKS, 01350, 162, 01162, 1, 36, 6, 63, 50, 100, 22, 2.79, 5.73333, 45.8167, 3776, 50898, +54407, 454830, 225, 385
23, 01, hotonnes, HOTONNES, hotonnes, Hotonnes, H352, HTNS, 01260, 187, 01187, 4, 06, 6, 306, 295, 300, 10, 28.4, 5.68333, 46, 3730, 51109, +54136, 455952, 636, 1338
24, 02, voulpaix, VOULPAIX, voulpaix, Voulpaix, V412, FLPKS, 02140, 826, 02826, 5, 34, 6, 405, 370, 400, 35, 11.55, 3.83333, 49.8333, 1660, 55377, +34950, 495021, 114, 187
25, 02, bucy-les-cerny, BUCY-LES-CERNY, bucy les cerny, Bucy-lès-Cerny, B24265, BSLSSRN, 02870, 132, 02132, 2, 18, 6, 185, 170, 200, 21, 8.74, 3.51667, 49.5833, 1312, 55091, +33102, 493456, 87, 196
26, 02, renansart, RENANSART, renansart, Renansart, R5263, RNNSRT, 02240, 640, 02640, 3, 25, 6, 169, 176, 200, 19, 8.71, 3.45, 49.7167, 1253, 55260, +32752, 494401, 76, 126
27, 02, presles-et-boves, PRESLES-ET-BOVES, presles et boves, Presles-et-Boves, P6242312, PRSLSTBFS, 02370, 620, 02620, 4, 04, 6, 356, 343, 400, 37, 9.61, 3.55, 49.4, 1358, 54881, +33333, 492335, 42, 174
28, 02, lavaqueresse, LAVAQUERESSE, lavaqueresse, Lavaqueresse, L1262, LFKRS, 02450, 414, 02414, 5, 16, 6, 212, 209, 200, 47, 4.44, 3.70833, 49.95, 1526, 55499, +34237, 495656, 132, 175
29, 02, cuffies, CUFFIES, cuffies, Cuffies, C120, KFS, 02880, 245, 02245, 4, 31, 6, 1686, 1489, 1700, 335, 5.02, 3.31667, 49.4167, 1092, 54895, +31911, 492418, 39, 155
30, 02, villequier-aumont, VILLEQUIER-AUMONT, villequier aumont, Villequier-Aumont, V42653, FLKRMNT, 02300, 807, 02807, 2, 09, 6, 631, 602, 600, 51, 12.34, 3.2, 49.65, 967, 55176, +31225, 493929, 52, 121
31, 02, vendelles, VENDELLES, vendelles, Vendelles, V5342, FNTLS, 02490, 774, 02774, 3, 33, 6, 110, 127, 100, 20, 5.28, 3.13333, 49.9167, 889, 55456, +30812, 495438, 78, 123
32, 02, attilly, ATTILLY, attilly, Attilly, A340, ATL, 02490, 029, 02029, 3, 33, 6, 384, 394, 400, 32, 11.81, 3.16667, 49.85, 925, 55396, +31007, 495124, 66, 141
33, 02, berlancourt-02, BERLANCOURT, berlancourt, Berlancourt, B645263, BRLNKRT, 02250, 068, 02068, 5, 27, 6, 104, 93, 100, 20, 5.2, 3.75806, 49.7787, 1579, 55310, +34529, 494643, 105, 156
34, 02, grisolles-02, GRISOLLES, grisolles, Grisolles, G6242, KRSLS, 02210, 356, 02356, 1, 22, 6, 193, 159, 200, 18, 10.63, 3.35, 49.15, 1135, 54601, +32127, 490827, 125, 212
35, 02, courcelles-sur-vesle, COURCELLES-SUR-VESLE, courcelles sur vesle, Courcelles-sur-Vesle, C62426124, KRSLSSRFSL, 02220, 224, 02224, 4, 04, 6, 345, 295, 300, 39, 8.81, 3.57195, 49.3381, 1373, 54820, +33419, 492017, 52, 176
36, 02, sons-et-roncheres, SONS-ET-RONCHERES, sons et roncheres, Sons-et-Ronchères, S52365262, SNSTRNXRS, 02270, 727, 02727, 2, 19, 6, 234, 236, 200, 25, 9.2, 3.66667, 49.75, 1486, 55292, +34027, 494545, 78, 145
37, 02, seringes-et-nesles, SERINGES-ET-NESLES, seringes et nesles, Seringes-et-Nesles, S65235242, SRNJSTNSLS, 02130, 713, 02713, 1, 15, 6, 296, 236, 300, 21, 13.49, 3.53333, 49.2, 1338, 54673, +33227, 491219, 117, 193
38, 02, grandlup-et-fay, GRANDLUP-ET-FAY, grandlup et fay, Grandlup-et-Fay, G6534131, KRNTLPTF, 02350, 353, 02353, 2, 19, 6, 320, 325, 300, 15, 20.3, 3.73333, 49.6667, 1556, 55175, +34413, 493928, 63, 101
39, 02, coincy-02, COINCY, coincy, Coincy, C520, KNS, 02210, 203, 02203, 1, 15, 6, 1310, 1149, 1300, 75, 17.24, 3.41667, 49.1667, 1206, 54624, +32518, 490940, 91, 218
40, 02, marly-gomont, MARLY-GOMONT, marly gomont, Marly-Gomont, M64253, MRLKMNT, 02120, 469, 02469, 5, 16, 6, 414, 427, 400, 32, 12.91, 3.8, 49.9, 1613, 55449, +34718, 495416, 107, 184
41, 02, macogny, MACOGNY, macogny, Macogny, M250, MKKN, 02470, 449, 02449, 1, 22, 6, 81, 56, 100, 13, 6.17, 3.23333, 49.1667, 992, 54628, +31347, 490955, 99, 162
42, 02, tartiers, TARTIERS, tartiers, Tartiers, T6362, TRTRS, 02290, 736, 02736, 4, 35, 6, 190, 168, 200, 21, 8.89, 3.23333, 49.4333, 1002, 54926, +31420, 492559, 54, 149
43, 02, gibercourt, GIBERCOURT, gibercourt, Gibercourt, G16263, JBRKRT, 02440, 345, 02345, 3, 20, 6, 45, 37, 0, 16, 2.69, 3.28333, 49.7333, 1053, 55263, +31705, 494412, 79, 106
44, 02, pontru, PONTRU, pontru, Pontru, P536, PNTR, 02490, 614, 02614, 3, 33, 6, 286, 276, 300, 19, 14.98, 3.21667, 49.9, 978, 55449, +31259, 495414, 72, 152
45, 02, trelou-sur-marne, TRELOU-SUR-MARNE, trelou sur marne, Trélou-sur-Marne, T6426565, TRLSRMRN, 02850, 748, 02748, 1, 10, 6, 985, 891, 1000, 48, 20.35, 3.60695, 49.077, 1411, 54530, +33625, 490437, 62, 234
46, 02, ville-aux-bois-les-dizy, LA VILLE-AUX-BOIS-LES-DIZY, la ville aux bois les dizy, La Ville-aux-Bois-lès-Dizy, L142124232, LFLKSBSLSTS, 02340, 802, 02802, 2, 26, 6, 180, 205, 200, 17, 10.22, 3.99334, 49.6612, 1841, 55179, +35936, 493940, 115, 149
47, 02, amigny-rouy, AMIGNY-ROUY, amigny rouy, Amigny-Rouy, A5256, AMKNR, 02700, 014, 02014, 2, 09, 6, 731, 626, 700, 55, 13.08, 3.3, 49.6, 1076, 55122, +31816, 493636, 44, 147
48, 02, charmes-02, CHARMES, charmes, Charmes, C652, XRMS, 02800, 165, 02165, 2, 14, 6, 1659, 1748, 1700, 453, 3.66, 3.38333, 49.65, 1157, 55168, +32240, 493904, 47, 100
49 , 03, creuzier-le-neuf, CREUZIER-LE-NEUF, creuzier le neuf, Creuzier-le-Neuf, C626451, KRSRLNF, 03300, 093, 03093, 3, 06, 6, 1033, 960, 1000, 94, 10.88, 3.43333, 46.1833, 1237, 51314, +32659, 461057, 246, 400
50 , 03, franchesse, FRANCHESSE, franchesse, Franchesse, F652, FRNXS, 03160, 117, 03117, 2, 01, 6, 446, 452, 500, 11, 40.24, 3.03333, 46.6333, 778, 51818, +30212, 463812, 204, 322
51 , 03, dompierre-sur-besbre, DOMPIERRE-SUR-BESBRE, dompierre sur besbre, Dompierre-sur-Besbre, D516261216, TMPRSRBSBR, 03290, 102, 03102, 2, 07, 5, 3152, 3476, 3200, 69, 45.63, 3.68333, 46.5167, 1494, 51691, +34052, 463120, 207, 271
52 , 03, etroussat, ETROUSSAT, etroussat, Étroussat, E3623, ETRST, 03140, 112, 03112, 2, 03, 6, 718, 605, 700, 55, 13.03, 3.21667, 46.2167, 983, 51354, +31316, 461307, 265, 374
53 , 03, charmeil, CHARMEIL, charmeil, Charmeil, C654, XRML, 03110, 060, 03060, 3, 10, 6, 746, 609, 700, 100, 7.4, 3.4, 46.1667, 1174, 51290, +32335, 460941, 243, 311
54 , 03, chevagnes, CHEVAGNES, chevagnes, Chevagnes, C1252, XFKNS, 03230, 074, 03074, 2, 04, 5, 701, 720, 700, 14, 49.78, 3.55, 46.6167, 1349, 51790, +33303, 463641, 215, 262
55 , 03, pierrefitte-sur-loire, PIERREFITTE-SUR-LOIRE, pierrefitte sur loire, Pierrefitte-sur-Loire, P6132646, PRFTSRLR, 03470, 207, 03207, 2, 07, 6, 513, 533, 500, 20, 25.36, 3.81667, 46.5, 1644, 51674, +34858, 463023, 212, 267
56 , 03, saint-genest-03, SAINT-GENEST, saint genest, Saint-Genest, S532523, SNTJNST, 03310, 233, 03233, 1, 17, 6, 342, 347, 400, 22, 15.17, 2.6, 46.2667, 285, 51404, +23536, 461550, 214, 451
57 , 03, tortezais, TORTEZAIS, tortezais, Tortezais, T632, TRTSS, 03430, 285, 03285, 1, 12, 6, 177, 148, 200, 7, 24.11, 2.86667, 46.45, 579, 51614, +25128, 462709, 230, 307
58 , 03, louroux-de-bouble, LOUROUX-DE-BOUBLE, louroux de bouble, Louroux-de-Bouble, L62314, LRKSTBBL, 03330, 152, 03152, 1, 09, 6, 280, 285, 300, 16, 16.87, 2.98333, 46.2167, 712, 51362, +25840, 461333, 357, 550
59 , 03, lignerolles-03, LIGNEROLLES, lignerolles, Lignerolles, L25642, LKNRLS, 03410, 145, 03145, 1, 32, 6, 697, 567, 600, 59, 11.81, 2.56667, 46.2833, 256, 51422, +23360, 461648, 204, 396
60 , 03, marcenat-03, MARCENAT, marcenat, Marcenat, M6253, MRSNT, 03260, 160, 03160, 2, 26, 6, 375, 301, 400, 20, 18.07, 3.5, 46.2333, 1177, 51372, +32345, 461405, 234, 287
61 , 04, robine-sur-galabre, LA ROBINE-SUR-GALABRE, la robine sur galabre, La Robine-sur-Galabre, L615262416, LRBNSRKLBR, 04000, 167, 04167, 3, 08, 6, 331, 256, 300, 7, 45.91, 6.21751, 44.1703, 4312, 49078, +61303, 441013, 646, 1887
62 , 04, turriers, TURRIERS, turriers, Turriers, T620, TRRS, 04250, 222, 04222, 4, 28, 5, 379, 297, 400, 19, 19.86, 6.16667, 44.4, 4258, 49335, +61008, 442405, 853, 1714
63 , 04, theze-04, THEZE, theze, Thèze, T200, 0S, 04200, 216, 04216, 4, 16, 6, 218, 144, 200, 19, 11.17, 5.91667, 44.3167, 3983, 49243, +55516, 441906, 492, 728
64 , 04, blieux, BLIEUX, blieux, Blieux, B420, BLKS, 04330, 030, 04030, 3, 05, 6, 55, 59, 100, 0, 56.8, 6.36667, 43.8667, 4483, 48747, +62216, 435221, 831, 1921
65 , 04, valbelle, VALBELLE, valbelle, Valbelle, V414, FLBL, 04200, 229, 04229, 4, 18, 6, 240, 213, 200, 7, 32.99, 5.88333, 44.15, 3939, 49053, +55254, 440852, 494, 1655
66 , 04, saint-jeannet-04, SAINT-JEANNET, saint jeannet, Saint-Jeannet, S53253, SNTJNT, 04270, 181, 04181, 3, 15, 6, 52, 38, 100, 2, 21.14, 6.11667, 43.95, 4207, 48836, +60724, 435709, 567, 971
67 , 04, quinson, QUINSON, quinson, Quinson, Q525, KNSN, 04500, 158, 04158, 3, 21, 6, 447, 355, 400, 15, 28.11, 6.03333, 43.7, 4115, 48558, +60223, 434208, 353, 584
68 , 04, mees-04, LES MEES, les mees, Mées, L252, LSMS, 04190, 116, 04116, 3, 14, 5, 3630, 2923, 3600, 55, 65.4, 5.98333, 44.0333, 4044, 48922, +55835, 440146, 348, 824
69 , 04, mure-argens, LA MURE-ARGENS, la mure argens, La Mure-Argens, L56252, LMRRJNS, 04170, 136, 04136, 2, 22, 6, 327, 252, 300, 9, 34.73, 6.52056, 43.9795, 4649, 48866, +63114, 435846, 890, 2120
70 , 04, curel-04, CUREL, curel, Curel, C640, KRL, 04200, 067, 04067, 4, 18, 6, 47, 57, 100, 4, 10.45, 5.66667, 44.1833, 3695, 49085, +53942, 441037, 670, 1440
71 , 04, villeneuve-04, VILLENEUVE, villeneuve, Villeneuve, V451, FLNF, 04180, 242, 04242, 4, 10, 6, 3514, 2978, 3400, 137, 25.55, 5.86667, 43.9, 3918, 48771, +55147, 435339, 313, 600
72 , 04, montfort-04, MONTFORT, montfort, Montfort, M3163, MNTFRT, 04600, 127, 04127, 4, 30, 6, 377, 385, 400, 31, 12.08, 5.96667, 44.0667, 4040, 48960, +55822, 440349, 395, 860
73 , 04, rochette-04, LA ROCHETTE, la rochette, La Rochette, L623, LRXT, 06260, 170, 04170, 2, 09, 6, 58, 53, 100, 3, 18.8, 6.89056, 43.915, 5060, 48794, +65326, 435454, 637, 1505
74 , 04, vaumeilh, VAUMEILH, vaumeilh, Vaumeilh, V540, FML, 04200, 233, 04233, 4, 16, 6, 268, 198, 300, 10, 25.52, 5.95, 44.2833, 4025, 49209, +55733, 441718, 460, 1055
75 , 04, entrages, ENTRAGES, entrages, Entrages, E5362, ENTRJS, 04000, 074, 04074, 3, 08, 6, 116, 85, 100, 5, 22.61, 6.26667, 44.05, 4366, 48940, +61558, 440246, 593, 1515
76 , 04, seyne, SEYNE, seyne, Seyne, S500, SN, 04140, 205, 04205, 3, 26, 5, 1439, 1441, 1400, 17, 84.27, 6.35, 44.35, 4466, 49279, +62123, 442102, 1079, 2720
77 , 04, marcoux-04, MARCOUX, marcoux, Marcoux, M620, MRKKS, 04420, 113, 04113, 3, 08, 6, 517, 399, 500, 16, 32.17, 6.28333, 44.1333, 4378, 49032, +61637, 440742, 604, 1311
78 , 04, colmars, COLMARS, colmars, Colmars, C4562, KLMRS, 04370, 061, 04061, 2, 07, 5, 388, 378, 400, 4, 81.82, 6.63333, 44.1833, 4767, 49090, +63736, 441052, 1178, 2742
79 , 04, chateauneuf-miravail, CHATEAUNEUF-MIRAVAIL, chateauneuf miravail, Châteauneuf-Miravail, C3515614, XTNFMRFL, 04200, 051, 04051, 4, 18, 6, 77, 67, 100, 3, 19.7, 5.71667, 44.15, 3767, 49069, +54336, 440944, 619, 1628
80 , 04, forcalquier, FORCALQUIER, forcalquier, Forcalquier, F62426, FRKLKR, 04300, 088, 04088, 4, 10, 4, 4680, 4326, 4600, 109, 42.76, 5.78333, 43.9667, 3826, 48844, +54647, 435733, 397, 904
81 , 04, vacheres, VACHERES, vacheres, Vachères, V262, FXRS, 04110, 227, 04227, 4, 20, 6, 293, 257, 300, 12, 23.42, 5.63333, 43.9333, 3669, 48813, +53818, 435553, 499, 865
82 , 04, saint-julien-d-asse, SAINT-JULIEN-DASSE, saint julien d asse, Saint-Julien-dAsse, S5324532, SNTJLNTS, 04270, 182, 04182, 3, 15, 6, 165, 124, 200, 6, 25.6, 6.1, 43.9167, 4175, 48797, +60539, 435502, 407, 886
83 , 04, mirabeau-04, MIRABEAU, mirabeau, Mirabeau, M610, MRB, 04510, 122, 04122, 3, 31, 6, 494, 394, 500, 27, 18.22, 6.08333, 44.0667, 4171, 48959, +60525, 440346, 437, 1053
84 , 04, entrevaux, ENTREVAUX, entrevaux, Entrevaux, E53612, ENTRFKS, 04320, 076, 04076, 2, 09, 5, 947, 743, 900, 15, 60.37, 6.81667, 43.95, 4971, 48832, +64837, 435655, 414, 1541
85 , 04, dauphin, DAUPHIN, dauphin, Dauphin, D150, TFN, 04300, 068, 04068, 4, 10, 6, 796, 796, 800, 81, 9.71, 5.78333, 43.9, 3829, 48776, +54659, 435354, 364, 656
86 , 04, saint-pierre-04, SAINT-PIERRE, saint pierre, Saint-Pierre, S5316, SNTPR, 06260, 194, 04194, 2, 09, 6, 111, 73, 100, 19, 5.62, 6.92445, 43.912, 5098, 48791, +65528, 435443, 617, 1199
87 , 04, puimichel, PUIMICHEL, puimichel, Puimichel, P524, PMXL, 04700, 156, 04156, 3, 14, 6, 242, 238, 300, 6, 36.81, 6.01667, 43.9667, 4093, 48860, +60114, 435826, 486, 884
88 , 05, batie-vieille, LA BATIE-VIEILLE, la batie vieille, La Bâtie-Vieille, L1314, LBTFL, 05000, 018, 05018, 2, 05, 6, 278, 246, 300, 30, 9.05, 6.16667, 44.55, 4251, 49504, +60945, 443314, 798, 1152
89 , 05, noyer-05, LE NOYER, le noyer, Le Noyer, L560, LNYR, 05500, 095, 05095, 2, 18, 6, 267, 222, 300, 12, 21.5, 6.01667, 44.7, 4084, 49665, +60045, 444155, 839, 2563
90 , 05, rosans, ROSANS, rosans, Rosans, R252, RSNS, 05150, 126, 05126, 2, 17, 5, 519, 492, 500, 17, 30.39, 5.46667, 44.3833, 3481, 49324, +52812, 442330, 532, 1563
91 , 05, valserres, VALSERRES, valserres, Valserres, V4262, FLSRS, 05130, 176, 05176, 2, 05, 6, 229, 192, 200, 19, 11.92, 6.13333, 44.4833, 4212, 49432, +60739, 442920, 608, 1410
92 , 05, rochebrune-05, ROCHEBRUNE, rochebrune, Rochebrune, R2165, RXBRN, 05190, 121, 05121, 2, 07, 6, 161, 128, 100, 13, 12.37, 6.18333, 44.4667, 4267, 49396, +61037, 442722, 622, 1374
93 , 05, tallard, TALLARD, tallard, Tallard, T463, TLRT, 05130, 170, 05170, 2, 23, 5, 1988, 1300, 1900, 132, 15.02, 6.05, 44.4667, 4131, 49402, +60316, 442742, 570, 1121
94 , 05, saint-disdier, SAINT-DISDIER, saint disdier, Saint-Disdier, S53236, SNTTSTR, 05250, 138, 05138, 2, 19, 6, 136, 141, 100, 2, 45.89, 5.89723, 44.7348, 3956, 49705, +55350, 444405, 950, 2755
95 , 05, ribiers, RIBIERS, ribiers, Ribiers, R162, RBRS, 05300, 118, 05118, 2, 16, 5, 794, 682, 800, 21, 36.55, 5.86667, 44.2333, 3911, 49146, +55123, 441352, 464, 1480
96 , 05, chanousse, CHANOUSSE, chanousse, Chanousse, C520, XNS, 05700, 033, 05033, 2, 17, 6, 58, 36, 0, 2, 20.32, 5.65, 44.35, 3688, 49283, +53920, 442118, 695, 1520
97 , 05, buissard, BUISSARD, buissard, Buissard, B263, BSRT, 05500, 025, 05025, 2, 18, 6, 182, 100, 200, 62, 2.92, 6.13333, 44.65, 4232, 49619, +60843, 443924, 1026, 1340
98 , 05, villar-d-arene, VILLAR-DARENE, villar d arene, Villar-dArêne, V46365, FLRTRN, 05480, 181, 05181, 1, 10, 6, 287, 217, 300, 3, 77.51, 6.33711, 45.0423, 4445, 50047, +62013, 450234, 1519, 3883
99 , 05, ancelle, ANCELLE, ancelle, Ancelle, A524, ANSL, 05260, 004, 05004, 2, 18, 6, 858, 620, 800, 16, 50.66, 6.2, 44.6333, 4300, 49582, +61224, 443724, 1160, 2779
100, 05, briancon, BRIANCON, briancon, Briançon, B6525, BRNKN, 05100, 023, 05023, 1, 98, 4, 11627, 10729, 11600, 414, 28.07, 6.65, 44.9, 4776, 49884, +63806, 445345, 1167, 2540
101, 05, laye, LAYE, laye, Laye, L000, LY, 05500, 072, 05072, 2, 18, 6, 246, 208, 200, 23, 10.55, 6.08333, 44.6333, 4164, 49623, +60503, 443940, 976, 2158
102, 05, mont-dauphin, MONT-DAUPHIN, mont dauphin, Mont-Dauphin, M315, MNTTFN, 05600, 082, 05082, 1, 11, 6, 147, 88, 100, 253, 0.58, 6.61667, 44.6667, 4763, 49632, +63726, 444009, 898, 1035
103, 05, puy-sanieres, PUY-SANIERES, puy sanieres, Puy-Sanières, P2562, PSNRS, 05200, 111, 05111, 2, 21, 6, 236, 155, 200, 20, 11.38, 6.43333, 44.55, 4553, 49509, +62603, 443329, 780, 2524
104, 05, reallon, REALLON, reallon, Réallon, R450, RLN, 05160, 114, 05114, 2, 21, 6, 253, 195, 200, 3, 71.4, 6.36667, 44.6, 4476, 49551, +62153, 443544, 1000, 2990
105, 05, crevoux, CREVOUX, crevoux, Crévoux, C612, KRFKS, 05200, 044, 05044, 2, 08, 6, 142, 105, 100, 2, 56.26, 6.6, 44.55, 4745, 49498, +63626, 443253, 1169, 2989
106, 05, vars-05, VARS, vars, Vars, V620, FRS, 05560, 177, 05177, 1, 11, 6, 677, 641, 600, 7, 92.2, 6.68333, 44.6167, 4837, 49550, +64123, 443542, 1320, 3381
107, 06, roquette-sur-var, LA ROQUETTE-SUR-VAR, la roquette sur var, La Roquette-sur-Var, L6232616, LRKTSRFR, 06670, 109, 06109, 2, 12, 6, 931, 823, 900, 233, 3.99, 7.2, 43.8333, 5402, 48698, +71156, 434941, 108, 600
108, 06, bairols, BAIROLS, bairols, Bairols, B642, BRLS, 06420, 009, 06009, 2, 29, 6, 107, 117, 100, 7, 15.24, 7.13333, 43.9833, 5323, 48868, +70738, 435853, 280, 1803
109, 06, aspremont-06, ASPREMONT, aspremont, Aspremont, A21653, ASPRMNT, 06790, 006, 06006, 2, 12, 6, 2187, 1853, 2100, 231, 9.44, 7.25, 43.7833, 5453, 48648, +71439, 434700, 100, 855
110, 06, colomars, COLOMARS, colomars, Colomars, C4562, KLMRS, 06670, 046, 06046, 2, 12, 6, 3290, 2883, 3200, 489, 6.72, 7.21667, 43.7667, 5428, 48626, +71320, 434549, 57, 402
111, 06, castagniers, CASTAGNIERS, castagniers, Castagniers, C32562, KSTKNRS, 06670, 034, 06034, 2, 12, 6, 1542, 1363, 1500, 205, 7.52, 7.23333, 43.8, 5439, 48657, +71354, 434729, 68, 881
112, 06, gaude, LA GAUDE, la gaude, La Gaude, L230, LKT, 06610, 065, 06065, 1, 28, 6, 6821, 6172, 6700, 520, 13.1, 7.15, 43.7167, 5351, 48580, +70911, 434319, 24, 349
113, 06, vence, VENCE, vence, Vence, V520, FNS, 06140, 157, 06157, 1, 28, 5, 19281, 16970, 19200, 491, 39.23, 7.11667, 43.7167, 5308, 48581, +70649, 434322, 40, 1033
114, 06, gattieres, GATTIERES, gattieres, Gattières, G362, KTRS, 06510, 064, 06064, 1, 50, 6, 4052, 3573, 4100, 403, 10.03, 7.18333, 43.7667, 5377, 48622, +71033, 434534, 48, 950
115, 06, grasse, GRASSE, grasse, Grasse, G620, KRS, 06130-06520, 069, 06069, 1, 94, 4, 51036, 43848, 51600, 1148, 44.44, 6.91667, 43.6667, 5098, 48509, +65531, 433929, 80, 1061
116, 06, speracedes, SPERACEDES, speracedes, Spéracèdes, S16232, SPRSTS, 06530, 137, 06137, 1, 25, 6, 1266, 1092, 1200, 365, 3.46, 6.86667, 43.65, 5024, 48498, +65131, 433855, 204, 790
117, 06, courmes, COURMES, courmes, Courmes, C652, KRMS, 06620, 049, 06049, 1, 02, 6, 100, 88, 100, 6, 15.71, 7.01667, 43.75, 5191, 48603, +70032, 434433, 260, 1263
118, 06, mujouls, LES MUJOULS, les mujouls, Mujouls, L25242, LSMJLS, 06910, 087, 06087, 1, 21, 6, 44, 30, 100, 3, 14.55, 6.85, 43.8833, 5026, 48760, +65137, 435301, 518, 1416
119, 06, levens, LEVENS, levens, Levens, L152, LFNS, 06670, 075, 06075, 2, 12, 5, 4683, 3700, 4600, 156, 29.85, 7.21667, 43.8667, 5431, 48734, +71328, 435139, 121, 1414
120, 06, touet-sur-var, TOUET-SUR-VAR, touet sur var, Touët-sur-Var, T2616, TTSRFR, 06710, 143, 06143, 2, 29, 6, 661, 439, 600, 44, 14.98, 7, 43.95, 5188, 48831, +70023, 435651, 280, 1043
121, 06, saint-leger-06, SAINT-LEGER, saint leger, Saint-Léger, S53426, SNTLJR, 06260, 124, 06124, 2, 18, 6, 67, 65, 100, 14, 4.61, 6.83333, 44, 4991, 48889, +64942, 435959, 590, 1600
122, 06, ferres, LES FERRES, les ferres, Ferres, L2162, LSFRS, 06510, 061, 06061, 1, 08, 6, 97, 59, 100, 7, 13.7, 7.1, 43.85, 5286, 48719, +70539, 435049, 180, 1278
123, 06, tourette-du-chateau, TOURETTE-DU-CHATEAU, tourette du chateau, Tourette-du-Château, T6323, TRTTXT, 06830, 145, 06145, 2, 20, 6, 117, 89, 100, 12, 9.74, 7.14278, 43.8823, 5340, 48758, +70834, 435256, 276, 1551
124, 06, tourrettes-sur-loup, TOURRETTES-SUR-LOUP, tourrettes sur loup, Tourrettes-sur-Loup, T632641, TRTSSRLP, 06140, 148, 06148, 1, 02, 6, 4007, 3904, 4200, 136, 29.28, 7.05, 43.7167, 5248, 48573, +70336, 434258, 47, 1246
125, 07, freyssenet, FREYSSENET, freyssenet, Freyssenet, F6253, FRSNT, 07000, 092, 07092, 2, 13, 6, 53, 49, 100, 5, 9.54, 4.55, 44.6833, 2450, 49647, +43230, 444056, 356, 909
126, 07, loubaresse-07, LOUBARESSE, loubaresse, Loubaresse, L162, LBRS, 07110, 144, 07144, 1, 25, 6, 32, 32, 0, 3, 8.99, 4.05, 44.6, 1904, 49555, +40301, 443559, 871, 1433
127, 07, charmes-sur-rhone, CHARMES-SUR-RHONE, charmes sur rhone, Charmes-sur-Rhône, C65265, XRMSSRRHN, 07800, 055, 07055, 2, 31, 6, 2419, 2070, 2400, 406, 5.95, 4.83333, 44.8667, 2776, 49849, +45007, 445149, 106, 223
128, 07, chassiers, CHASSIERS, chassiers, Chassiers, C620, XSRS, 07110, 058, 07058, 1, 11, 6, 1006, 865, 1000, 82, 12.26, 4.3, 44.55, 2178, 49501, +41749, 443303, 193, 603
129, 07, labegude, LABEGUDE, labegude, Labégude, L123, LBKT, 07200, 116, 07116, 1, 33, 6, 1360, 1337, 1400, 435, 3.12, 4.36667, 44.65, 2259, 49606, +42210, 443842, 226, 520
130, 07, vernosc-les-annonay, VERNOSC-LES-ANNONAY, vernosc les annonay, Vernosc-lès-Annonay, V652425, FRNSKLSNN, 07430, 337, 07337, 3, 32, 6, 2287, 1676, 2200, 142, 16.08, 4.71667, 45.2167, 2641, 50240, +44247, 451257, 182, 427
131, 07, pradons, PRADONS, pradons, Pradons, P6352, PRTNS, 07120, 183, 07183, 1, 26, 6, 426, 296, 400, 53, 7.98, 4.36667, 44.4667, 2247, 49416, +42132, 442828, 108, 365
132, 07, aubenas, AUBENAS, aubenas, Aubenas, A152, ABNS, 07200, 019, 07019, 1, 03, 5, 11323, 11013, 11500, 790, 14.32, 4.38333, 44.6167, 2282, 49578, +42325, 443711, 170, 421
133, 07, aubignas, AUBIGNAS, aubignas, Aubignas, A1252, ABKNS, 07400, 020, 07020, 2, 30, 6, 418, 337, 400, 27, 15.42, 4.61667, 44.5833, 2553, 49543, +43802, 443518, 160, 664
134, 07, saint-laurent-les-bains, SAINT-LAURENT-LES-BAINS, saint laurent les bains, Saint-Laurent-les-Bains, S53465342152, SNTLRNTLSBNS, 07590, 262, 07262, 1, 16, 6, 149, 182, 200, 5, 26.76, 3.96667, 44.6167, 1815, 49563, +35811, 443623, 623, 1379
135, 07, chandolas, CHANDOLAS, chandolas, Chandolas, C5342, XNTLS, 07230, 053, 07053, 1, 09, 6, 469, 342, 500, 40, 11.63, 4.26667, 44.4, 2129, 49337, +41510, 442413, 105, 242
136, 07, beaulieu-07, BEAULIEU, beaulieu, Beaulieu, B400, BL, 07460, 028, 07028, 1, 09, 6, 455, 400, 400, 17, 25.47, 4.23361, 44.3609, 2108, 49290, +41401, 442139, 108, 471
137, 07, saint-just-d-ardeche, SAINT-JUST-DARDECHE, saint just d ardeche, Saint-Just-dArdèche, S5323632, SNTJSTTRTX, 07700, 259, 07259, 2, 04, 6, 1601, 1162, 1500, 153, 10.44, 4.61111, 44.3045, 2527, 49227, +43640, 441816, 38, 115
138, 07, nozieres-07, NOZIERES, nozieres, Nozières, N262, NSRS, 07270, 166, 07166, 3, 10, 6, 271, 258, 300, 12, 21.79, 4.56667, 45.0333, 2452, 50032, +43237, 450143, 471, 1061
139, 07, saint-victor-07, SAINT-VICTOR, saint victor, Saint-Victor, S531236, SNTFKTR, 07410, 301, 07301, 3, 17, 6, 949, 828, 900, 29, 31.88, 4.66667, 45.1, 2595, 50112, +44021, 450603, 240, 881
140, 07, saint-genest-de-beauzon, SAINT-GENEST-DE-BEAUZON, saint genest de beauzon, Saint-Genest-de-Beauzon, S532523125, SNTJNSTTBSN, 07230, 238, 07238, 1, 09, 6, 265, 224, 200, 49, 5.31, 4.18723, 44.4425, 2056, 49381, +41114, 442633, 176, 356
141, 07, cellier-du-luc, CELLIER-DU-LUC, cellier du luc, Cellier-du-Luc, C46342, SLRTLK, 07590, 047, 07047, 1, 16, 6, 109, 99, 100, 7, 14.73, 3.91667, 44.6833, 1738, 49644, +35403, 444047, 932, 1202
142, 07, cornas, CORNAS, cornas, Cornas, C652, KRNS, 07130, 070, 07070, 3, 19, 6, 2253, 2082, 2300, 270, 8.33, 4.85, 44.9667, 2791, 49960, +45054, 445750, 98, 492
143, 08, ayvelles, LES AYVELLES, les ayvelles, Ayvelles, L2142, LSFLS, 08000, 040, 08040, 1, 09, 6, 927, 768, 900, 170, 5.45, 4.76667, 49.7, 2689, 55246, +44525, 494317, 143, 210
144, 08, nouart, NOUART, nouart, Nouart, N630, NRT, 08240, 326, 08326, 4, 03, 6, 143, 140, 100, 8, 17.73, 5.05, 49.4333, 3015, 54933, +50259, 492624, 184, 307
145, 08, bayonville, BAYONVILLE, bayonville, Bayonville, B514, BYNFL, 08240, 052, 08052, 4, 03, 6, 103, 107, 100, 6, 16.19, 5.00556, 49.3962, 2966, 54885, +50020, 492346, 181, 305
146, 08, tremblois-les-rocroi, TREMBLOIS-LES-ROCROI, tremblois les rocroi, Tremblois-lès-Rocroi, T6514242626, TRMLSLSRKR, 08150, 460, 08460, 1, 24, 6, 160, 167, 200, 97, 1.64, 4.5, 49.85, 2399, 55387, +42946, 495053, 238, 293
147, 08, hannogne-saint-martin, HANNOGNE-SAINT-MARTIN, hannogne saint martin, Hannogne-Saint-Martin, H5252535635, HNKNSNTMRTN, 08160, 209, 08209, 1, 09, 6, 466, 473, 500, 98, 4.71, 4.83333, 49.6667, 2772, 55192, +44952, 494022, 147, 296
148, 08, lametz, LAMETZ, lametz, Lametz, L532, LMTS, 08130, 244, 08244, 4, 30, 6, 80, 77, 100, 8, 9.46, 4.7, 49.5333, 2615, 55034, +44124, 493150, 130, 212
149, 08, sault-les-rethel, SAULT-LES-RETHEL, sault les rethel, Sault-lès-Rethel, S4342634, SLTLSR0L, 08300, 403, 08403, 2, 23, 6, 1882, 1921, 1900, 291, 6.45, 4.36667, 49.5, 2254, 54995, +42156, 492944, 68, 146
150, 08, remilly-aillicourt, REMILLY-AILLICOURT, remilly aillicourt, Remilly-Aillicourt, R54263, RMLLKRT, 08450, 357, 08357, 3, 21, 6, 804, 779, 800, 60, 13.26, 5, 49.65, 2953, 55168, +45940, 493906, 153, 302
151, 08, champlin-08, CHAMPLIN, champlin, Champlin, C5145, XMPLN, 08260, 100, 08100, 1, 25, 6, 77, 80, 100, 13, 5.9, 4.33333, 49.8333, 2216, 55378, +41950, 495024, 208, 277
152, 09, rimont, RIMONT, rimont, Rimont, R530, RMNT, 09420, 246, 09246, 3, 15, 6, 584, 497, 600, 20, 28.4, 1.28333, 43, -1171, 47773, +11658, 425944, 386, 1059
153, 09, augirein, AUGIREIN, augirein, Augirein, A265, AJRN, 09800, 027, 09027, 3, 04, 6, 64, 73, 100, 6, 9.84, 0.916667, 42.9333, -1577, 47702, +05501, 425554, 631, 1721
154, 09, erce, ERCE, erce, Ercé, E620, ERS, 09140, 113, 09113, 3, 11, 6, 560, 532, 600, 13, 40.75, 1.3, 42.85, -1163, 47610, +11722, 425058, 574, 1905
155, 09, orus, ORUS, orus, Orus, O620, ORS, 09220, 222, 09222, 1, 20, 6, 28, 18, 0, 3, 9.12, 1.51667, 42.7833, -921, 47536, +13027, 424655, 819, 1980
156, 09, soula, SOULA, soula, Soula, S400, SL, 09000, 300, 09300, 1, 21, 6, 206, 159, 200, 18, 11.16, 1.7, 42.95, -714, 47715, +14140, 425636, 480, 1011
157, 09, caumont-09, CAUMONT, caumont, Caumont, C530, KMNT, 09160, 086, 09086, 3, 16, 6, 310, 312, 300, 33, 9.22, 1.08555, 43.0306, -1390, 47812, +10508, 430150, 338, 528
158, 09, villeneuve-du-pareage, VILLENEUVE-DU-PAREAGE, villeneuve du pareage, Villeneuve-du-Paréage, V4513162, FLNFTPRJ, 09100, 339, 09339, 2, 22, 6, 669, 523, 600, 58, 11.47, 1.61667, 43.15, -777, 47949, +13815, 430916, 266, 290
159, 09, saint-martin-de-caralp, SAINT-MARTIN-DE-CARALP, saint martin de caralp, Saint-Martin-de-Caralp, S53563532641, SNTMRTNTKRLP, 09000, 269, 09269, 1, 21, 6, 359, 288, 300, 39, 9.16, 1.55, 42.9833, -879, 47768, +13242, 425927, 481, 917
160, 09, argein, ARGEIN, argein, Argein, A625, ARJN, 09800, 014, 09014, 3, 04, 6, 177, 149, 200, 15, 11.09, 1, 42.9333, -1493, 47701, +05934, 425553, 517, 1675
161, 09, gourbit, GOURBIT, gourbit, Gourbit, G613, KRBT, 09400, 136, 09136, 1, 18, 6, 93, 61, 100, 5, 17.95, 1.53333, 42.8417, -893, 47604, +13158, 425037, 671, 2162
162, 09, quie, QUIE, quie, Quié, Q000, K, 09400, 240, 09240, 1, 18, 6, 293, 342, 300, 116, 2.51, 1.6, 42.85, -825, 47607, +13539, 425045, 475, 1040
163, 09, tignac, TIGNAC, tignac, Tignac, T252, TKNK, 09110, 311, 09311, 1, 01, 6, 19, 14, 0, 5, 3.53, 1.78333, 42.75, -602, 47496, +14742, 424446, 720, 1440
164, 09, caussou, CAUSSOU, caussou, Caussou, C000, KS, 09250, 087, 09087, 1, 03, 6, 65, 84, 100, 4, 15.83, 1.8, 42.7667, -590, 47521, +14820, 424608, 760, 1920
165, 09, siguer, SIGUER, siguer, Siguer, S600, SKR, 09220, 295, 09295, 1, 20, 6, 99, 97, 100, 2, 38.73, 1.56667, 42.7667, -857, 47516, +13356, 424553, 615, 2902
166, 09, orgeix, ORGEIX, orgeix, Orgeix, O620, ORJKS, 09110, 218, 09218, 1, 01, 6, 88, 71, 100, 4, 18.39, 1.86667, 42.7, -522, 47454, +15160, 424231, 800, 2481
167, 09, saint-quirc, SAINT-QUIRC, saint quirc, Saint-Quirc, S53262, SNTKRK, 09700, 275, 09275, 2, 17, 6, 374, 267, 400, 99, 3.75, 1.5, 43.2667, -927, 48084, +13009, 431633, 207, 292
168, 09, fornex, FORNEX, fornex, Fornex, F652, FRNKS, 09350, 123, 09123, 2, 08, 6, 109, 126, 100, 11, 9.62, 1.25, 43.1667, -1210, 47964, +11451, 431002, 233, 422
169, 10, montmorency-beaufort, MONTMORENCY-BEAUFORT, montmorency beaufort, Montmorency-Beaufort, M35652163, MNTMRNSBFRT, 10330, 253, 10253, 1, 08, 6, 125, 120, 100, 13, 9.38, 4.56667, 48.4833, 2474, 53874, +43346, 482911, 112, 182
170, 10, lignieres-10, LIGNIERES, lignieres, Lignières, L2562, LKNRS, 10130, 196, 10196, 3, 07, 6, 235, 248, 200, 9, 25.79, 3.96667, 47.95, 1811, 53280, +35759, 475707, 135, 233
171, 10, prusy, PRUSY, prusy, Prusy, P620, PRS, 10210, 309, 10309, 3, 07, 6, 105, 108, 100, 26, 3.95, 4.05, 47.9667, 1898, 53302, +40241, 475818, 194, 236
172, 10, villechetif, VILLECHETIF, villechetif, Villechétif, V4231, FLXTF, 10410, 412, 10412, 3, 22, 6, 945, 670, 800, 77, 12.24, 4.15, 48.3167, 2009, 53679, +40842, 481841, 103, 168
173, 10, chennegy, CHENNEGY, chennegy, Chennegy, C520, XNJ, 10190, 096, 10096, 3, 11, 6, 451, 398, 500, 19, 23.19, 3.85, 48.2167, 1686, 53583, +35113, 481328, 146, 254
174, 10, etourvy, ETOURVY, etourvy, Étourvy, E361, ETRF, 10210, 143, 10143, 3, 07, 6, 208, 196, 200, 13, 15.41, 4.13333, 47.95, 1993, 53286, +40749, 475726, 194, 312
175, 11, quintillan, QUINTILLAN, quintillan, Quintillan, Q5345, KNTLN, 11360, 305, 11305, 3, 15, 6, 65, 55, 100, 3, 16.42, 2.71667, 42.9667, 416, 47739, +24240, 425755, 215, 612
176, 11, gaja-la-selve, GAJA-LA-SELVE, gaja la selve, Gaja-la-Selve, G4241, KJLSLF, 11270, 159, 11159, 1, 16, 6, 152, 126, 200, 13, 11.38, 1.88333, 43.2, -490, 47995, +15345, 431143, 273, 374
177, 11, arques-11, ARQUES, arques, Arques, A620, ARKS, 11190, 015, 11015, 2, 13, 6, 275, 199, 300, 14, 18.53, 2.38333, 42.95, 43, 47725, +22230, 425709, 329, 854
178, 11, moux, MOUX, moux, Moux, M200, MKS, 11700, 261, 11261, 1, 06, 6, 602, 510, 600, 38, 15.7, 2.65, 43.1833, 350, 47978, +23907, 431050, 54, 601
179, 11, peyrefitte-sur-l-hers, PEYREFITTE-SUR-LHERS, peyrefitte sur l hers, Peyrefitte-sur-lHers, P61326462, PRFTSRLHRS, 11410, 283, 11283, 1, 05, 6, 75, 58, 100, 11, 6.47, 1.83333, 43.25, -564, 48053, +14944, 431453, 235, 351
180, 11, saint-martin-des-puits, SAINT-MARTIN-DES-PUITS, saint martin des puits, Saint-Martin-des-Puits, S53563532132, SNTMRTNTSPTS, 11220, 354, 11354, 1, 18, 6, 22, 13, 0, 3, 6.94, 2.56667, 43.0333, 258, 47823, +23407, 430226, 170, 470
181, 11, saint-gauderic, SAINT-GAUDERIC, saint gauderic, Saint-Gaudéric, S532362, SNTKTRK, 11270, 343, 11343, 1, 16, 6, 76, 58, 100, 6, 11.13, 1.95, 43.1167, -433, 47921, +15648, 430744, 318, 451
182, 11, villarzel-du-razes, VILLARZEL-DU-RAZES, villarzel du razes, Villarzel-du-Razès, V4624362, FLRSLTRSS, 11300, 417, 11417, 2, 01, 6, 96, 91, 100, 7, 12.6, 2.21667, 43.1333, -144, 47932, +21224, 430821, 215, 446
183, 11, cepie, CEPIE, cepie, Cépie, C100, SP, 11300, 090, 11090, 2, 20, 6, 653, 540, 600, 98, 6.61, 2.25, 43.1, -102, 47894, +21441, 430617, 146, 364
184, 11, sonnac-sur-l-hers, SONNAC-SUR-LHERS, sonnac sur l hers, Sonnac-sur-lHers, S526462, SNKSRLHRS, 11230, 380, 11380, 2, 11, 6, 159, 130, 200, 11, 13.74, 1.98333, 43, -382, 47782, +15935, 430014, 344, 570
185, 11, gramazie, GRAMAZIE, gramazie, Gramazie, G652, KRMS, 11240, 167, 11167, 2, 01, 6, 101, 71, 100, 50, 2, 2.08333, 43.1333, -266, 47932, +20549, 430821, 210, 253
186, 11, salleles-cabardes, SALLELES-CABARDES, salleles cabardes, Sallèles-Cabardès, S421632, SLLSKBRTS, 11600, 368, 11368, 1, 12, 6, 109, 105, 100, 15, 6.82, 2.43333, 43.3167, 92, 48138, +22511, 431926, 147, 480
187, 11, bugarach, BUGARACH, bugarach, Bugarach, B262, BKRX, 11190, 055, 11055, 2, 13, 6, 202, 176, 200, 7, 26.62, 2.35, 42.8833, 16, 47641, +22104, 425238, 340, 1227
188, 11, ilhes, LES ILHES, les ilhes, Ilhes, L242, LSLHS, 11380, 174, 11174, 1, 21, 6, 51, 61, 100, 12, 4.16, 2.4, 43.35, 46, 48169, +22241, 432106, 220, 573
189, 12, murasson, MURASSON, murasson, Murasson, M625, MRSN, 12370, 163, 12163, 1, 02, 6, 194, 212, 200, 4, 40.25, 2.76667, 43.7667, 475, 48622, +24552, 434537, 473, 1013
190, 12, alpuech, ALPUECH, alpuech, Alpuech, A412, ALPX, 12210, 005, 12005, 2, 33, 6, 77, 81, 100, 5, 14.88, 2.85, 44.75, 569, 49736, +25054, 444544, 950, 1303
191, 12, roussennac, ROUSSENNAC, roussennac, Roussennac, R252, RSNK, 12220, 206, 12206, 3, 18, 6, 517, 430, 500, 29, 17.27, 2.25, 44.45, -93, 49394, +21509, 442715, 464, 560
192, 12, villecomtal, VILLECOMTAL, villecomtal, Villecomtal, V42534, FLKMTL, 12580, 298, 12298, 2, 13, 6, 422, 420, 400, 30, 14.05, 2.56667, 44.5333, 254, 49487, +23353, 443219, 296, 654
193, 12, saint-saturnin-de-lenne, SAINT-SATURNIN-DE-LENNE, saint saturnin de lenne, Saint-Saturnin-de-Lenne, S532365345, SNTSTRNNTLN, 12560, 247, 12247, 1, 05, 6, 344, 365, 400, 10, 33.81, 3.01667, 44.4167, 757, 49360, +30104, 442526, 559, 918
194, 12, peyrusse-le-roc, PEYRUSSE-LE-ROC, peyrusse le roc, Peyrusse-le-Roc, P62462, PRSLRK, 12220, 181, 12181, 3, 18, 6, 220, 229, 200, 15, 13.81, 2.13333, 44.5, -218, 49440, +20826, 442945, 233, 496
195, 13, lancon-provence, LANCON-PROVENCE, lancon provence, Lançon-Provence, L52516152, LNKNPRFNS, 13680, 051, 13051, 1, 51, 6, 8326, 6685, 8000, 120, 68.92, 5.13333, 43.5833, 3101, 48436, +50741, 433533, 3, 236
196, 13, cornillon-confoux, CORNILLON-CONFOUX, cornillon confoux, Cornillon-Confoux, C65452512, KRNLNKNFKS, 13250, 029, 13029, 1, 51, 6, 1337, 1168, 1300, 89, 14.95, 5.06667, 43.5667, 3039, 48403, +50418, 433345, 21, 190
197, 13, lambesc, LAMBESC, lambesc, Lambesc, L512, LMSK, 13410, 050, 13050, 1, 12, 5, 9239, 7595, 8700, 141, 65.34, 5.26667, 43.65, 3250, 48504, +51543, 433914, 111, 482
198, 13, jouques, JOUQUES, jouques, Jouques, J000, JKS, 13490, 048, 13048, 1, 27, 6, 4238, 3323, 4100, 52, 80.35, 5.63333, 43.6333, 3667, 48485, +53812, 433813, 209, 782
199, 13, carnoux-en-provence, CARNOUX-EN-PROVENCE, carnoux en provence, Carnoux-en-Provence, C652516152, KRNKSNPRFNS, 13470, 119, 13119, 3, 54, 6, 6862, 7035, 7000, 1988, 3.45, 5.56445, 43.2564, 3586, 48063, +53352, 431523, 180, 380
200, 13, saint-esteve-janson, SAINT-ESTEVE-JANSON, saint esteve janson, Saint-Estève-Janson, S532312525, SNTSTFJNSN, 13610, 093, 13093, 1, 12, 6, 354, 302, 300, 40, 8.65, 5.38333, 43.6833, 3397, 48541, +52339, 434112, 154, 415
201, 13, eyguieres, EYGUIERES, eyguieres, Eyguières, E262, EKRS, 13430, 035, 13035, 2, 09, 5, 6404, 5390, 6400, 93, 68.75, 5.03333, 43.7, 2994, 48550, +50152, 434143, 63, 496
202, 13, cuges-les-pins, CUGES-LES-PINS, cuges les pins, Cuges-les-Pins, C42152, KJSLSPNS, 13780, 030, 13030, 3, 54, 6, 4873, 3761, 4700, 125, 38.81, 5.7, 43.2833, 3738, 48085, +54202, 431635, 165, 1041
203, 13, destrousse, LA DESTROUSSE, la destrousse, La Destrousse, L32362, LTSTRS, 13112, 031, 13031, 3, 29, 6, 2953, 2485, 2800, 1007, 2.93, 5.6, 43.3667, 3633, 48196, +53624, 432235, 177, 364
204, 13, ventabren, VENTABREN, ventabren, Ventabren, V53165, FNTBRN, 13122, 114, 13114, 1, 51, 6, 4581, 4549, 4800, 174, 26.32, 5.3, 43.5333, 3285, 48377, +51735, 433220, 59, 286
205, 13, velaux, VELAUX, velaux, Velaux, V420, FLKS, 13880, 112, 13112, 1, 51, 6, 8515, 7603, 8400, 337, 25.23, 5.26667, 43.5167, 3241, 48358, +51514, 433121, 27, 270
206, 13, gardanne, GARDANNE, gardanne, Gardanne, G635, KRTN, 13120, 041, 13041, 1, 10, 5, 20474, 19350, 21100, 757, 27.02, 5.46667, 43.45, 3488, 48283, +52834, 432716, 170, 387
207, 13, berre-l-etang, BERRE-LETANG, berre l etang, Berre-lÉtang, B64352, BRLTNK, 13130, 014, 13014, 4, 06, 5, 13582, 13410, 13900, 311, 43.64, 5.18333, 43.4667, 3146, 48306, +51005, 432832, 0, 146
208, 13, auriol, AURIOL, auriol, Auriol, A640, ARL, 13390, 007, 13007, 3, 29, 6, 11764, 9465, 12000, 263, 44.64, 5.63333, 43.3833, 3661, 48188, +53753, 432210, 171, 937
209, 13, coudoux, COUDOUX, coudoux, Coudoux, C320, KTKS, 13111, 118, 13118, 1, 51, 6, 3448, 2869, 3400, 272, 12.65, 5.25, 43.55, 3235, 48398, +51454, 433328, 40, 277
210, 13, rove, LE ROVE, le rove, Le Rove, L610, LRF, 13740, 088, 13088, 4, 48, 6, 4273, 4028, 4200, 186, 22.97, 5.25, 43.3667, 3237, 48188, +51501, 432209, 0, 263
211, 13, chateauneuf-les-martigues, CHATEAUNEUF-LES-MARTIGUES, chateauneuf les martigues, Châteauneuf-les-Martigues, C351425632, XTNFLSMRTKS, 13220, 026, 13026, 4, 48, 5, 11665, 11365, 11600, 368, 31.65, 5.16667, 43.3833, 3142, 48203, +50951, 432259, 0, 203
212, 14, saint-pierre-canivet, SAINT-PIERRE-CANIVET, saint pierre canivet, Saint-Pierre-Canivet, S53162513, SNTPRKNFT, 14700, 646, 14646, 2, 17, 6, 377, 342, 400, 53, 7.01, -0.216667, 48.9333, -2840, 54367, -01311, 485550, 142, 231
213, 14, grangues, GRANGUES, grangues, Grangues, G652, KRNKS, 14160, 316, 14316, 3, 15, 6, 248, 240, 200, 37, 6.61, -0.05, 49.2667, -2657, 54740, -00318, 491559, 16, 141
214, 14, vieux-bourg-14, VIEUX-BOURG, vieux bourg, Vieux-Bourg, V2162, FKSBRK, 14130, 748, 14748, 3, 27, 6, 84, 74, 100, 64, 1.3, 0.25, 49.3083, -2318, 54792, +01502, 491845, 44, 135
215, 14, englesqueville-la-percee, ENGLESQUEVILLE-LA-PERCEE, englesqueville la percee, Englesqueville-la-Percée, E524214162, ENKLSKFLLPRS, 14710, 239, 14239, 1, 20, 6, 86, 97, 100, 10, 7.88, -0.95, 49.3833, -3654, 54862, -05706, 492233, 0, 42
216, 14, ranchy, RANCHY, ranchy, Ranchy, R520, RNX, 14400, 529, 14529, 1, 03, 6, 205, 158, 200, 39, 5.14, -0.75, 49.25, -3437, 54727, -04524, 491514, 27, 82
217, 14, castillon-en-auge, CASTILLON-EN-AUGE, castillon en auge, Castillon-en-Auge, C3452, KSTLNNJ, 14140, 141, 14141, 3, 24, 6, 151, 130, 100, 20, 7.23, 0.083333, 49.0333, -2490, 54479, +00542, 490152, 49 170